{
  "__type__": "cc.SpriteFrame",
  "content": {
    "name": "card_general",
    "atlas": "",
    "rect": {
      "x": 1,
      "y": 1,
      "width": 181,
      "height": 280
    },
    "offset": {
      "x": 0.5,
      "y": 0
    },
    "originalSize": {
      "width": 182,
      "height": 282
    },
    "rotated": false,
    "capInsets": [
      0,
      0,
      0,
      0
    ],
    "vertices": {
      "rawPosition": [
        -90.5,
        -140,
        0,
        90.5,
        -140,
        0,
        -90.5,
        140,
        0,
        90.5,
        140,
        0
      ],
      "indexes": [
        0,
        1,
        2,
        2,
        1,
        3
      ],
      "uv": [
        1,
        281,
        182,
        281,
        1,
        1,
        182,
        1
      ],
      "nuv": [
        0.005494505494505495,
        0.0035460992907801418,
        1,
        0.0035460992907801418,
        0.005494505494505495,
        0.9964539007092199,
        1,
        0.9964539007092199
      ],
      "minPos": {
        "x": -90.5,
        "y": -140,
        "z": 0
      },
      "maxPos": {
        "x": 90.5,
        "y": 140,
        "z": 0
      }
    },
    "texture": "ae45caa2-640c-47b9-8d11-8126fb25826f@6c48a",
    "packable": true,
    "pixelsToUnit": 100,
    "pivot": {
      "x": 0.5,
      "y": 0.5
    },
    "meshType": 0
  }
}