{
  "__type__": "cc.SpriteFrame",
  "content": {
    "name": "big_black_2",
    "atlas": "",
    "rect": {
      "x": 1,
      "y": 1,
      "width": 77,
      "height": 137
    },
    "offset": {
      "x": -0.5,
      "y": 0
    },
    "originalSize": {
      "width": 80,
      "height": 139
    },
    "rotated": false,
    "capInsets": [
      0,
      0,
      0,
      0
    ],
    "vertices": {
      "rawPosition": [
        -38.5,
        -68.5,
        0,
        38.5,
        -68.5,
        0,
        -38.5,
        68.5,
        0,
        38.5,
        68.5,
        0
      ],
      "indexes": [
        0,
        1,
        2,
        2,
        1,
        3
      ],
      "uv": [
        1,
        138,
        78,
        138,
        1,
        1,
        78,
        1
      ],
      "nuv": [
        0.0125,
        0.007194244604316547,
        0.975,
        0.007194244604316547,
        0.0125,
        0.9928057553956835,
        0.975,
        0.9928057553956835
      ],
      "minPos": {
        "x": -38.5,
        "y": -68.5,
        "z": 0
      },
      "maxPos": {
        "x": 38.5,
        "y": 68.5,
        "z": 0
      }
    },
    "texture": "4494ae4e-b124-430f-9cb7-49d1240981b9@6c48a",
    "packable": true,
    "pixelsToUnit": 100,
    "pivot": {
      "x": 0.5,
      "y": 0.5
    },
    "meshType": 0
  }
}