{
  "__type__": "cc.SpriteFrame",
  "content": {
    "name": "big_black_3",
    "atlas": "",
    "rect": {
      "x": 1,
      "y": 1,
      "width": 82,
      "height": 137
    },
    "offset": {
      "x": 0.5,
      "y": 0
    },
    "originalSize": {
      "width": 83,
      "height": 139
    },
    "rotated": false,
    "capInsets": [
      0,
      0,
      0,
      0
    ],
    "vertices": {
      "rawPosition": [
        -41,
        -68.5,
        0,
        41,
        -68.5,
        0,
        -41,
        68.5,
        0,
        41,
        68.5,
        0
      ],
      "indexes": [
        0,
        1,
        2,
        2,
        1,
        3
      ],
      "uv": [
        1,
        138,
        83,
        138,
        1,
        1,
        83,
        1
      ],
      "nuv": [
        0.012048192771084338,
        0.007194244604316547,
        1,
        0.007194244604316547,
        0.012048192771084338,
        0.9928057553956835,
        1,
        0.9928057553956835
      ],
      "minPos": {
        "x": -41,
        "y": -68.5,
        "z": 0
      },
      "maxPos": {
        "x": 41,
        "y": 68.5,
        "z": 0
      }
    },
    "texture": "d0fc475d-5eb2-4318-99fa-2805a5a95fd8@6c48a",
    "packable": true,
    "pixelsToUnit": 100,
    "pivot": {
      "x": 0.5,
      "y": 0.5
    },
    "meshType": 0
  }
}