{
  "__type__": "cc.SpriteFrame",
  "content": {
    "name": "club",
    "atlas": "",
    "rect": {
      "x": 0,
      "y": 2,
      "width": 42,
      "height": 40
    },
    "offset": {
      "x": -0.5,
      "y": -0.5
    },
    "originalSize": {
      "width": 43,
      "height": 43
    },
    "rotated": false,
    "capInsets": [
      0,
      0,
      0,
      0
    ],
    "vertices": {
      "rawPosition": [
        -21,
        -20,
        0,
        21,
        -20,
        0,
        -21,
        20,
        0,
        21,
        20,
        0
      ],
      "indexes": [
        0,
        1,
        2,
        2,
        1,
        3
      ],
      "uv": [
        0,
        41,
        42,
        41,
        0,
        1,
        42,
        1
      ],
      "nuv": [
        0,
        0.023255813953488372,
        0.9767441860465116,
        0.023255813953488372,
        0,
        0.9534883720930233,
        0.9767441860465116,
        0.9534883720930233
      ],
      "minPos": {
        "x": -21,
        "y": -20,
        "z": 0
      },
      "maxPos": {
        "x": 21,
        "y": 20,
        "z": 0
      }
    },
    "texture": "0f96f82c-06e5-45ac-8cb6-2db470768f02@6c48a",
    "packable": true,
    "pixelsToUnit": 100,
    "pivot": {
      "x": 0.5,
      "y": 0.5
    },
    "meshType": 0
  }
}