{
  "__type__": "cc.SpriteFrame",
  "content": {
    "name": "big_black_K",
    "atlas": "",
    "rect": {
      "x": 1,
      "y": 2,
      "width": 100,
      "height": 138
    },
    "offset": {
      "x": -1,
      "y": -1
    },
    "originalSize": {
      "width": 104,
      "height": 140
    },
    "rotated": false,
    "capInsets": [
      0,
      0,
      0,
      0
    ],
    "vertices": {
      "rawPosition": [
        -50,
        -69,
        0,
        50,
        -69,
        0,
        -50,
        69,
        0,
        50,
        69,
        0
      ],
      "indexes": [
        0,
        1,
        2,
        2,
        1,
        3
      ],
      "uv": [
        1,
        138,
        101,
        138,
        1,
        0,
        101,
        0
      ],
      "nuv": [
        0.009615384615384616,
        0,
        0.9711538461538461,
        0,
        0.009615384615384616,
        0.9857142857142858,
        0.9711538461538461,
        0.9857142857142858
      ],
      "minPos": {
        "x": -50,
        "y": -69,
        "z": 0
      },
      "maxPos": {
        "x": 50,
        "y": 69,
        "z": 0
      }
    },
    "texture": "0e8cccf2-eb17-466c-bd35-ee96ffbed92e@6c48a",
    "packable": true,
    "pixelsToUnit": 100,
    "pivot": {
      "x": 0.5,
      "y": 0.5
    },
    "meshType": 0
  }
}