{
  "__type__": "cc.SpriteFrame",
  "content": {
    "name": "diamond",
    "atlas": "",
    "rect": {
      "x": 2,
      "y": 2,
      "width": 39,
      "height": 39
    },
    "offset": {
      "x": 0,
      "y": 0
    },
    "originalSize": {
      "width": 43,
      "height": 43
    },
    "rotated": false,
    "capInsets": [
      0,
      0,
      0,
      0
    ],
    "vertices": {
      "rawPosition": [
        -19.5,
        -19.5,
        0,
        19.5,
        -19.5,
        0,
        -19.5,
        19.5,
        0,
        19.5,
        19.5,
        0
      ],
      "indexes": [
        0,
        1,
        2,
        2,
        1,
        3
      ],
      "uv": [
        2,
        41,
        41,
        41,
        2,
        2,
        41,
        2
      ],
      "nuv": [
        0.046511627906976744,
        0.046511627906976744,
        0.9534883720930233,
        0.046511627906976744,
        0.046511627906976744,
        0.9534883720930233,
        0.9534883720930233,
        0.9534883720930233
      ],
      "minPos": {
        "x": -19.5,
        "y": -19.5,
        "z": 0
      },
      "maxPos": {
        "x": 19.5,
        "y": 19.5,
        "z": 0
      }
    },
    "texture": "f768c3bd-8cae-4853-a8d9-2fe9d1272bd5@6c48a",
    "packable": true,
    "pixelsToUnit": 100,
    "pivot": {
      "x": 0.5,
      "y": 0.5
    },
    "meshType": 0
  }
}