{
  "__type__": "cc.SpriteFrame",
  "content": {
    "name": "small_red_K",
    "atlas": "",
    "rect": {
      "x": 1,
      "y": 0,
      "width": 32,
      "height": 46
    },
    "offset": {
      "x": 0,
      "y": 0
    },
    "originalSize": {
      "width": 34,
      "height": 46
    },
    "rotated": false,
    "capInsets": [
      0,
      0,
      0,
      0
    ],
    "vertices": {
      "rawPosition": [
        -16,
        -23,
        0,
        16,
        -23,
        0,
        -16,
        23,
        0,
        16,
        23,
        0
      ],
      "indexes": [
        0,
        1,
        2,
        2,
        1,
        3
      ],
      "uv": [
        1,
        46,
        33,
        46,
        1,
        0,
        33,
        0
      ],
      "nuv": [
        0.029411764705882353,
        0,
        0.9705882352941176,
        0,
        0.029411764705882353,
        1,
        0.9705882352941176,
        1
      ],
      "minPos": {
        "x": -16,
        "y": -23,
        "z": 0
      },
      "maxPos": {
        "x": 16,
        "y": 23,
        "z": 0
      }
    },
    "texture": "8d59ecee-b269-43f7-971a-d9c403f3e62a@6c48a",
    "packable": true,
    "pixelsToUnit": 100,
    "pivot": {
      "x": 0.5,
      "y": 0.5
    },
    "meshType": 0
  }
}