{
  "__type__": "cc.SpriteFrame",
  "content": {
    "name": "spade",
    "atlas": "",
    "rect": {
      "x": 2,
      "y": 1,
      "width": 40,
      "height": 41
    },
    "offset": {
      "x": 0.5,
      "y": 0
    },
    "originalSize": {
      "width": 43,
      "height": 43
    },
    "rotated": false,
    "capInsets": [
      0,
      0,
      0,
      0
    ],
    "vertices": {
      "rawPosition": [
        -20,
        -20.5,
        0,
        20,
        -20.5,
        0,
        -20,
        20.5,
        0,
        20,
        20.5,
        0
      ],
      "indexes": [
        0,
        1,
        2,
        2,
        1,
        3
      ],
      "uv": [
        2,
        42,
        42,
        42,
        2,
        1,
        42,
        1
      ],
      "nuv": [
        0.046511627906976744,
        0.023255813953488372,
        0.9767441860465116,
        0.023255813953488372,
        0.046511627906976744,
        0.9767441860465116,
        0.9767441860465116,
        0.9767441860465116
      ],
      "minPos": {
        "x": -20,
        "y": -20.5,
        "z": 0
      },
      "maxPos": {
        "x": 20,
        "y": 20.5,
        "z": 0
      }
    },
    "texture": "f5af3a48-bd01-415e-b965-cdc23651881f@6c48a",
    "packable": true,
    "pixelsToUnit": 100,
    "pivot": {
      "x": 0.5,
      "y": 0.5
    },
    "meshType": 0
  }
}