{
  "__type__": "cc.SpriteFrame",
  "content": {
    "name": "small_black_K",
    "atlas": "",
    "rect": {
      "x": 1,
      "y": 1,
      "width": 32,
      "height": 45
    },
    "offset": {
      "x": 0,
      "y": -0.5
    },
    "originalSize": {
      "width": 34,
      "height": 46
    },
    "rotated": false,
    "capInsets": [
      0,
      0,
      0,
      0
    ],
    "vertices": {
      "rawPosition": [
        -16,
        -22.5,
        0,
        16,
        -22.5,
        0,
        -16,
        22.5,
        0,
        16,
        22.5,
        0
      ],
      "indexes": [
        0,
        1,
        2,
        2,
        1,
        3
      ],
      "uv": [
        1,
        45,
        33,
        45,
        1,
        0,
        33,
        0
      ],
      "nuv": [
        0.029411764705882353,
        0,
        0.9705882352941176,
        0,
        0.029411764705882353,
        0.9782608695652174,
        0.9705882352941176,
        0.9782608695652174
      ],
      "minPos": {
        "x": -16,
        "y": -22.5,
        "z": 0
      },
      "maxPos": {
        "x": 16,
        "y": 22.5,
        "z": 0
      }
    },
    "texture": "ef96ea9e-be2e-43d7-bcee-dd53dd359745@6c48a",
    "packable": true,
    "pixelsToUnit": 100,
    "pivot": {
      "x": 0.5,
      "y": 0.5
    },
    "meshType": 0
  }
}