{
  "__type__": "cc.SpriteFrame",
  "content": {
    "name": "big_red_6",
    "atlas": "",
    "rect": {
      "x": 1,
      "y": 0,
      "width": 87,
      "height": 140
    },
    "offset": {
      "x": 0.5,
      "y": 0
    },
    "originalSize": {
      "width": 88,
      "height": 140
    },
    "rotated": false,
    "capInsets": [
      0,
      0,
      0,
      0
    ],
    "vertices": {
      "rawPosition": [
        -43.5,
        -70,
        0,
        43.5,
        -70,
        0,
        -43.5,
        70,
        0,
        43.5,
        70,
        0
      ],
      "indexes": [
        0,
        1,
        2,
        2,
        1,
        3
      ],
      "uv": [
        1,
        140,
        88,
        140,
        1,
        0,
        88,
        0
      ],
      "nuv": [
        0.011363636363636364,
        0,
        1,
        0,
        0.011363636363636364,
        1,
        1,
        1
      ],
      "minPos": {
        "x": -43.5,
        "y": -70,
        "z": 0
      },
      "maxPos": {
        "x": 43.5,
        "y": 70,
        "z": 0
      }
    },
    "texture": "6b0ea241-1015-46de-9a7d-130436186be2@6c48a",
    "packable": true,
    "pixelsToUnit": 100,
    "pivot": {
      "x": 0.5,
      "y": 0.5
    },
    "meshType": 0
  }
}