{
  "__type__": "cc.SpriteFrame",
  "content": {
    "name": "big_black_A",
    "atlas": "",
    "rect": {
      "x": 2,
      "y": 1,
      "width": 113,
      "height": 137
    },
    "offset": {
      "x": 1,
      "y": 0
    },
    "originalSize": {
      "width": 115,
      "height": 139
    },
    "rotated": false,
    "capInsets": [
      0,
      0,
      0,
      0
    ],
    "vertices": {
      "rawPosition": [
        -56.5,
        -68.5,
        0,
        56.5,
        -68.5,
        0,
        -56.5,
        68.5,
        0,
        56.5,
        68.5,
        0
      ],
      "indexes": [
        0,
        1,
        2,
        2,
        1,
        3
      ],
      "uv": [
        2,
        138,
        115,
        138,
        2,
        1,
        115,
        1
      ],
      "nuv": [
        0.017391304347826087,
        0.007194244604316547,
        1,
        0.007194244604316547,
        0.017391304347826087,
        0.9928057553956835,
        1,
        0.9928057553956835
      ],
      "minPos": {
        "x": -56.5,
        "y": -68.5,
        "z": 0
      },
      "maxPos": {
        "x": 56.5,
        "y": 68.5,
        "z": 0
      }
    },
    "texture": "a8257adc-5eff-4144-bd83-ddaaa1cd4d82@6c48a",
    "packable": true,
    "pixelsToUnit": 100,
    "pivot": {
      "x": 0.5,
      "y": 0.5
    },
    "meshType": 0
  }
}