{
  "__type__": "cc.SpriteFrame",
  "content": {
    "name": "big_black_6",
    "atlas": "",
    "rect": {
      "x": 1,
      "y": 1,
      "width": 86,
      "height": 138
    },
    "offset": {
      "x": 0,
      "y": 0
    },
    "originalSize": {
      "width": 88,
      "height": 140
    },
    "rotated": false,
    "capInsets": [
      0,
      0,
      0,
      0
    ],
    "vertices": {
      "rawPosition": [
        -43,
        -69,
        0,
        43,
        -69,
        0,
        -43,
        69,
        0,
        43,
        69,
        0
      ],
      "indexes": [
        0,
        1,
        2,
        2,
        1,
        3
      ],
      "uv": [
        1,
        139,
        87,
        139,
        1,
        1,
        87,
        1
      ],
      "nuv": [
        0.011363636363636364,
        0.007142857142857143,
        0.9886363636363636,
        0.007142857142857143,
        0.011363636363636364,
        0.9928571428571429,
        0.9886363636363636,
        0.9928571428571429
      ],
      "minPos": {
        "x": -43,
        "y": -69,
        "z": 0
      },
      "maxPos": {
        "x": 43,
        "y": 69,
        "z": 0
      }
    },
    "texture": "fce83dc4-fbaa-4cb8-84df-0bc264e8d325@6c48a",
    "packable": true,
    "pixelsToUnit": 100,
    "pivot": {
      "x": 0.5,
      "y": 0.5
    },
    "meshType": 0
  }
}