{
  "__type__": "cc.SpriteFrame",
  "content": {
    "name": "small_red_5",
    "atlas": "",
    "rect": {
      "x": 0,
      "y": 1,
      "width": 28,
      "height": 44
    },
    "offset": {
      "x": 0,
      "y": 0
    },
    "originalSize": {
      "width": 28,
      "height": 46
    },
    "rotated": false,
    "capInsets": [
      0,
      0,
      0,
      0
    ],
    "vertices": {
      "rawPosition": [
        -14,
        -22,
        0,
        14,
        -22,
        0,
        -14,
        22,
        0,
        14,
        22,
        0
      ],
      "indexes": [
        0,
        1,
        2,
        2,
        1,
        3
      ],
      "uv": [
        0,
        45,
        28,
        45,
        0,
        1,
        28,
        1
      ],
      "nuv": [
        0,
        0.021739130434782608,
        1,
        0.021739130434782608,
        0,
        0.9782608695652174,
        1,
        0.9782608695652174
      ],
      "minPos": {
        "x": -14,
        "y": -22,
        "z": 0
      },
      "maxPos": {
        "x": 14,
        "y": 22,
        "z": 0
      }
    },
    "texture": "7459c65a-887b-42d5-8837-7b24afe5ff52@6c48a",
    "packable": true,
    "pixelsToUnit": 100,
    "pivot": {
      "x": 0.5,
      "y": 0.5
    },
    "meshType": 0
  }
}