{
  "__type__": "cc.SpriteFrame",
  "content": {
    "name": "big_red_A",
    "atlas": "",
    "rect": {
      "x": 0,
      "y": 1,
      "width": 114,
      "height": 138
    },
    "offset": {
      "x": -0.5,
      "y": -0.5
    },
    "originalSize": {
      "width": 115,
      "height": 139
    },
    "rotated": false,
    "capInsets": [
      0,
      0,
      0,
      0
    ],
    "vertices": {
      "rawPosition": [
        -57,
        -69,
        0,
        57,
        -69,
        0,
        -57,
        69,
        0,
        57,
        69,
        0
      ],
      "indexes": [
        0,
        1,
        2,
        2,
        1,
        3
      ],
      "uv": [
        0,
        138,
        114,
        138,
        0,
        0,
        114,
        0
      ],
      "nuv": [
        0,
        0,
        0.991304347826087,
        0,
        0,
        0.9928057553956835,
        0.991304347826087,
        0.9928057553956835
      ],
      "minPos": {
        "x": -57,
        "y": -69,
        "z": 0
      },
      "maxPos": {
        "x": 57,
        "y": 69,
        "z": 0
      }
    },
    "texture": "18c34ff9-2230-429f-933a-0bf2b13e36a5@6c48a",
    "packable": true,
    "pixelsToUnit": 100,
    "pivot": {
      "x": 0.5,
      "y": 0.5
    },
    "meshType": 0
  }
}