{
  "__type__": "cc.SpriteFrame",
  "content": {
    "name": "heart",
    "atlas": "",
    "rect": {
      "x": 1,
      "y": 4,
      "width": 41,
      "height": 36
    },
    "offset": {
      "x": 0,
      "y": -0.5
    },
    "originalSize": {
      "width": 43,
      "height": 43
    },
    "rotated": false,
    "capInsets": [
      0,
      0,
      0,
      0
    ],
    "vertices": {
      "rawPosition": [
        -20.5,
        -18,
        0,
        20.5,
        -18,
        0,
        -20.5,
        18,
        0,
        20.5,
        18,
        0
      ],
      "indexes": [
        0,
        1,
        2,
        2,
        1,
        3
      ],
      "uv": [
        1,
        39,
        42,
        39,
        1,
        3,
        42,
        3
      ],
      "nuv": [
        0.023255813953488372,
        0.06976744186046512,
        0.9767441860465116,
        0.06976744186046512,
        0.023255813953488372,
        0.9069767441860465,
        0.9767441860465116,
        0.9069767441860465
      ],
      "minPos": {
        "x": -20.5,
        "y": -18,
        "z": 0
      },
      "maxPos": {
        "x": 20.5,
        "y": 18,
        "z": 0
      }
    },
    "texture": "7505f217-13dd-4c05-ac44-c52fd3eb7a91@6c48a",
    "packable": true,
    "pixelsToUnit": 100,
    "pivot": {
      "x": 0.5,
      "y": 0.5
    },
    "meshType": 0
  }
}