{
  "__type__": "cc.SpriteFrame",
  "content": {
    "name": "big_black_4",
    "atlas": "",
    "rect": {
      "x": 1,
      "y": 1,
      "width": 94,
      "height": 136
    },
    "offset": {
      "x": 0,
      "y": 0
    },
    "originalSize": {
      "width": 96,
      "height": 138
    },
    "rotated": false,
    "capInsets": [
      0,
      0,
      0,
      0
    ],
    "vertices": {
      "rawPosition": [
        -47,
        -68,
        0,
        47,
        -68,
        0,
        -47,
        68,
        0,
        47,
        68,
        0
      ],
      "indexes": [
        0,
        1,
        2,
        2,
        1,
        3
      ],
      "uv": [
        1,
        137,
        95,
        137,
        1,
        1,
        95,
        1
      ],
      "nuv": [
        0.010416666666666666,
        0.007246376811594203,
        0.9895833333333334,
        0.007246376811594203,
        0.010416666666666666,
        0.9927536231884058,
        0.9895833333333334,
        0.9927536231884058
      ],
      "minPos": {
        "x": -47,
        "y": -68,
        "z": 0
      },
      "maxPos": {
        "x": 47,
        "y": 68,
        "z": 0
      }
    },
    "texture": "6edc0972-f70a-4a5a-bb0f-c65bc0ae1769@6c48a",
    "packable": true,
    "pixelsToUnit": 100,
    "pivot": {
      "x": 0.5,
      "y": 0.5
    },
    "meshType": 0
  }
}