{
  "__type__": "cc.SpriteFrame",
  "content": {
    "name": "big_black_5",
    "atlas": "",
    "rect": {
      "x": 1,
      "y": 0,
      "width": 84,
      "height": 137
    },
    "offset": {
      "x": 0,
      "y": 0.5
    },
    "originalSize": {
      "width": 86,
      "height": 138
    },
    "rotated": false,
    "capInsets": [
      0,
      0,
      0,
      0
    ],
    "vertices": {
      "rawPosition": [
        -42,
        -68.5,
        0,
        42,
        -68.5,
        0,
        -42,
        68.5,
        0,
        42,
        68.5,
        0
      ],
      "indexes": [
        0,
        1,
        2,
        2,
        1,
        3
      ],
      "uv": [
        1,
        138,
        85,
        138,
        1,
        1,
        85,
        1
      ],
      "nuv": [
        0.011627906976744186,
        0.007246376811594203,
        0.9883720930232558,
        0.007246376811594203,
        0.011627906976744186,
        1,
        0.9883720930232558,
        1
      ],
      "minPos": {
        "x": -42,
        "y": -68.5,
        "z": 0
      },
      "maxPos": {
        "x": 42,
        "y": 68.5,
        "z": 0
      }
    },
    "texture": "87554351-fa34-4646-9f17-b8eac40bb57a@6c48a",
    "packable": true,
    "pixelsToUnit": 100,
    "pivot": {
      "x": 0.5,
      "y": 0.5
    },
    "meshType": 0
  }
}