{
  "__type__": "cc.SpriteFrame",
  "content": {
    "name": "big_red_2",
    "atlas": "",
    "rect": {
      "x": 1,
      "y": 2,
      "width": 77,
      "height": 136
    },
    "offset": {
      "x": 0,
      "y": -0.5
    },
    "originalSize": {
      "width": 79,
      "height": 139
    },
    "rotated": false,
    "capInsets": [
      0,
      0,
      0,
      0
    ],
    "vertices": {
      "rawPosition": [
        -38.5,
        -68,
        0,
        38.5,
        -68,
        0,
        -38.5,
        68,
        0,
        38.5,
        68,
        0
      ],
      "indexes": [
        0,
        1,
        2,
        2,
        1,
        3
      ],
      "uv": [
        1,
        137,
        78,
        137,
        1,
        1,
        78,
        1
      ],
      "nuv": [
        0.012658227848101266,
        0.007194244604316547,
        0.9873417721518988,
        0.007194244604316547,
        0.012658227848101266,
        0.9856115107913669,
        0.9873417721518988,
        0.9856115107913669
      ],
      "minPos": {
        "x": -38.5,
        "y": -68,
        "z": 0
      },
      "maxPos": {
        "x": 38.5,
        "y": 68,
        "z": 0
      }
    },
    "texture": "9a4e5486-1f8c-44fa-9e2c-9d60a0686490@6c48a",
    "packable": true,
    "pixelsToUnit": 100,
    "pivot": {
      "x": 0.5,
      "y": 0.5
    },
    "meshType": 0
  }
}