{
  "__type__": "cc.SpriteFrame",
  "content": {
    "name": "big_red_K",
    "atlas": "",
    "rect": {
      "x": 4,
      "y": 1,
      "width": 97,
      "height": 139
    },
    "offset": {
      "x": 0.5,
      "y": -0.5
    },
    "originalSize": {
      "width": 104,
      "height": 140
    },
    "rotated": false,
    "capInsets": [
      0,
      0,
      0,
      0
    ],
    "vertices": {
      "rawPosition": [
        -48.5,
        -69.5,
        0,
        48.5,
        -69.5,
        0,
        -48.5,
        69.5,
        0,
        48.5,
        69.5,
        0
      ],
      "indexes": [
        0,
        1,
        2,
        2,
        1,
        3
      ],
      "uv": [
        4,
        139,
        101,
        139,
        4,
        0,
        101,
        0
      ],
      "nuv": [
        0.038461538461538464,
        0,
        0.9711538461538461,
        0,
        0.038461538461538464,
        0.9928571428571429,
        0.9711538461538461,
        0.9928571428571429
      ],
      "minPos": {
        "x": -48.5,
        "y": -69.5,
        "z": 0
      },
      "maxPos": {
        "x": 48.5,
        "y": 69.5,
        "z": 0
      }
    },
    "texture": "1fc9bcbc-7b66-403a-a58b-8a8c40176c09@6c48a",
    "packable": true,
    "pixelsToUnit": 100,
    "pivot": {
      "x": 0.5,
      "y": 0.5
    },
    "meshType": 0
  }
}