{
  "__type__": "cc.SpriteFrame",
  "content": {
    "name": "small_black_3",
    "atlas": "",
    "rect": {
      "x": 0,
      "y": 1,
      "width": 27,
      "height": 44
    },
    "offset": {
      "x": 0,
      "y": 0
    },
    "originalSize": {
      "width": 27,
      "height": 46
    },
    "rotated": false,
    "capInsets": [
      0,
      0,
      0,
      0
    ],
    "vertices": {
      "rawPosition": [
        -13.5,
        -22,
        0,
        13.5,
        -22,
        0,
        -13.5,
        22,
        0,
        13.5,
        22,
        0
      ],
      "indexes": [
        0,
        1,
        2,
        2,
        1,
        3
      ],
      "uv": [
        0,
        45,
        27,
        45,
        0,
        1,
        27,
        1
      ],
      "nuv": [
        0,
        0.021739130434782608,
        1,
        0.021739130434782608,
        0,
        0.9782608695652174,
        1,
        0.9782608695652174
      ],
      "minPos": {
        "x": -13.5,
        "y": -22,
        "z": 0
      },
      "maxPos": {
        "x": 13.5,
        "y": 22,
        "z": 0
      }
    },
    "texture": "90d200f3-da11-4bd6-b5dd-8d7481451fd0@6c48a",
    "packable": true,
    "pixelsToUnit": 100,
    "pivot": {
      "x": 0.5,
      "y": 0.5
    },
    "meshType": 0
  }
}